θεῖον τὸ κάλλος καὶ θεόσδοτος χάρις	POS
ὡς δὲ εἴς τι πανδοχεῖον ἤλθομεν, ἠριστῶμεν ἅμα·	NEU
Χαρὰ καὶ εἰς τὴν ἐρωτικήν, τὴν ἔμορφην ἐκείνην, ὁποῦ τοιοῦτον ἄγουρον μέλλει νὰ περιλάβῃ”!	POS
Καὶ γὰρ τὸ τέκνον, ὁ Κλέανδρος, ὁ ξένος, ὡς πτηνὸν ἐκπτὰς πατρικῆς ἐξ ἀγκάλης κεῖται πεσὼν οἴκτιστος ἐν ξένοις τόποις.	NEG
Αὐχεῖς, ἰδού, τὸ κάλλος ὑπὲρ τὸν λόγον·	POS
καὶ μεθ’ ἡμέρας σκέψεως καὶ βουλῆς παγκαλλίστης, ἐν τῷ Εὐφράτῃ ἔκρινα τὴν οἴκησιν ποιῆσαι, κατασκευάσαι τε λαμπρὸν καὶ ἐξαίσιον οἶκον”.	POS
ὅπου κανεὶς οὐ δύναται καὶ τῶν μεγαλωτέρων τὸ νὰ συντύχῃ κἂν ποσῶς, ἐσὺ λαλεῖς νὰ ποίσῃς;	NEU
Ἐδώκασιν τὰ βούκινα καὶ τὰ παιγνίδια ὅλα, τρουμπέττες καὶ ἄλλα μουσικὰ ὄργανα τοῦ πολέμου.	NEU
ὁ νοῦς μου διὰ τὸν ἔρωταν τὸν ἰδικόν του ἐθλίβην”.	NEG
καὶ ὑπόδειξον αὐτῷ ἐναργέστατα ὅτι σὺ εἶ ὁ ἀεὶ ζῶν θεὸς ἀψευδὴς καὶ βασιλεὺς μόνος αἰώνιος καὶ ἀθάνατος.	POS
Ὦ φίλα δεσμὰ καὶ πλοκαὶ τῆς ἀγκάλης καὶ δακτύλων ἕλιγμα καὶ ποδῶν στρέβλα.	POS
ἦν δὲ καὶ ἰδίᾳ τῷ Σωστράτῳ νύκτωρ ἡ θεὸς ἐπιστᾶσα·	NEU
Καὶ ἂν ἦτον δίκαιον νὰ ὀργιστῇς τοσοῦτον εἰς ἐμένα, ἄφες με ἀσυμπάθητον καὶ ψυχοπονεμένον·	NEG
Πόθος γὰρ πόθου στερηθεὶς ὑπομονὴν οὐκ ἔχει, τῶν δὲ ἄλλων ἔχει μέριμναν, ἂν εἴποις, οὐδεμίαν.	NEG
Κήρυκες οὖν αὐτίκα διήγγελλον τὴν γραφήν, μόνῳ τῷ ἄρρενι γένει τὴν ὑπάντησιν ἐπιτρέποντες γυναιξὶ δὲ ἀπαγορεύοντες.	NEU
τίς παστάς, οἷος γάμος, οἵα παρθένος;	NEU
τί γὰρ ἄξιον ἐποίησά σοι”;	NEU
δικάζει, ἐκατεδίκασεν πυρὶ πυρποληθῆναι, νὰ κάψουσιν τὸν Φλώριον μετὰ τὴν Πλάτζια Φλώρα.	NEG
“Ἀλλὰ κατὰ τὴν τραγῳδίαν χρηστοῖσι δούλοις συμφορὰ τὰ δεσποτῶν κακῶς πίτνοντα”.	NEG
Πλὴν τὴν χαρὰν ἐκείνην εἶχέν την ὡς τὰ σκύβαλα, οὐκ ἔβλεπεν εἰς αὔτην.	NEU
Εἶδεν αὐτὸν τὸν μισθαργόν, τοῦ κήπου τὸν δραγάτην, τὸν ἐκ τὸν κόπον τοῦ νεροῦ, τὸ βάρος τὸ τοῦ κήπου ὁ κηπουρὸς ἐστοίχησεν ὁ γέρων νὰ δουλεύῃ, εἶδεν αὐτὸν τὸν μισθαργὸν ὁμοῦ μετὰ τῆς κόρης.	NEU
πάντως δ' ἂν καὶ ἐγνώρισεν, εἰ μὴ σφόδρα πέπειστο Καλλιρόην ἀπειληφέναι Διονύσιον.	NEU
ἰδού, Ῥοδάνθη, χαιρέτω τὰ δάκρυα, εἰς μακρὰν ἐρρίφθωσαν οἱ συχνοὶ γόοι.	POS
Ἀρχὴ τῆς ὑποθέσεως λοιπὸν καὶ τῶν ἐνταῦθα.	NEU
Οὐδ’ ὁ Κλέανδρος ἀνέραστος ἐσχέθη, οὐ τὴν φυλακὴν δυστυχῶς προεισέδυ ἐρωτικῶν ἄμοιρος ἐννοημάτων καὶ συμφορῶν ἄγευστος, αἷς παίει Τύχη ἐρωτικοῖς με συμπλακέντα δικτύοις.	NEG
τῶν δὲ ῥυτήρων οὐκέτι κρατεῖν δυνάμενος, δοὺς δὲ ἑαυτὸν ὅλως τῷ τοῦ δρόμου πνεύματι, τῆς τύχης ἦν.	NEU
“καὶ γὰρ ἐν ἀφθονωτέροις τῇδε πλέον ἢ παρ' ἡμῖν οἶδα ἐσομένους, εἰ καὶ μένειν βουλομένοις ἦν.	NEU
Σωτήρ μοι τῆς οὐδαμόθεν ἐλπισθείσης ἔτι θυγατρὸς γέγονας καὶ δέδωκας ἰδεῖν τὴν ἐμοὶ πάντων ἡδίστην θέαν.	POS
Φιλοῦσα δὲ αὐτοῦ τοὺς ὀφθαλμοὺς “ὦ” φησὶ “πολλάκις με λυπήσαντες ὑμεῖς, ὦ τὸ πρῶτον ἐνθέντες τῇ ἐμῇ κέντρον ψυχῇ, οἱ τότε μὲν σοβαροί, νῦν δὲ ἐρωτικοί, καλῶς μοι διηκονήσατε, καὶ τὸν ἔρωτα τὸν ἐμὸν καλῶς εἰς τὴν Ἁβροκόμου ψυχὴν ὡδηγήσατε.	POS
Εἶτα κατηχήσας καὶ νηστεύειν ἐπὶ πολλὰς ἐντειλάμενος ἡμέρας, τῷ θείῳ καθαίρει βαπτίσματι.	POS
Οὕτως ἂς τοὺς συντρίψωμεν ὡς φάλκον τὰ περδίκια”.	NEU
Παρθένος γὰρ ἡ Δάφνη καὶ παρθένος καλή.	POS
Ἐν δὲ τῷ χρόνῳ ὃν ἡ Ἀνθία ληφθεῖσα ἐκ τοῦ λῃστηρίου ἦλθεν εἰς τὴν Ταρσὸν πρεσβύτης Ἐφέσιος ἰατρὸς τὴν τέχνην, Εὔδοξος τοὔνομα·	NEU
Πολυχάρμου δὲ τοῦ φίλου κωλύοντος αὐτὸν ἀποκαρτερεῖν “σύ μοι πάντων” εἶπε “πολεμιώτατος ὑπάρχεις φίλου σχήματι·	NEG
ἦν γὰρ ἀγαθῶν χωρίον ὁ κῆπος καὶ θεῶν δάπεδον καὶ ὅλος χάρις καὶ ἡδονή, τέρψις ὀφθαλμῶν, καρδίας παραψυχή, παραμυθία ψυχῆς, μελῶν ἄνεσις, ἀνάπαυλα σώματος.	POS
Οὗτοι δ' οὖν τότε πεζοὶ τοὺς ἱππέας ἔφθανον καί τινας καὶ τραυματίας γενέσθαι σφενδονῶντες ἴσχυσαν·	NEG
Τίς μὴ τοσοῦτον ὄλβον ἀνθέλοιτό μοι;	NEU
Ἐπὶ τούτοις οὐκέτι κατέσχεν ἡ Ἀρσάκη ἀλλ' ἔπασχεν ὃ δὴ καὶ πάντες ὡς ἐπίπαν οἱ ἐρῶντες·	NEG
Καὶ μετὰ πάσης ἡδονῆς περιπλακεὶς τὴν κόρην, καταφιλεῖ τοὺς μώλωπας, παρακαλεῖ καὶ λέγει·	POS
Τέλος δὲ θροῦν τινα καὶ βόμβον αἰσθόμενος ἐκ τῶν κοίλων τοῦ σπηλαίου φερόμενον, διελέγοντο γὰρ ἔτι πρὸς ἑαυτοὺς Θεαγένης τε καὶ Κνήμων, τούτους ἐκείνους εἶναι τοὺς σφαγέας τῆς Θίσβης εἴκαζε καὶ ἀμηχάνως εἶχεν ὅ τι καὶ δράσειεν, ὑπὸ μὲν θυμοῦ λῃστρικοῦ καὶ βαρβαρικῆς ὀργῆς πλέον τότε δι' ἐρωτικὴν ἀποτυχίαν ἐπιτεινομένης ὁμόσε χωρεῖν αὐτόθι τοῖς νομιζομένοις αἰτίοις ἐπειγόμενος, ἀπορίᾳ δὲ ὅπλων καὶ ξίφους ἄκων πρὸς ἐγκράτειαν καταστελλόμενος.	NEU
Καὶ ὁκάποιος ἄλλος εὐγενής, ἄνθρωπος ἀπὸ χώρας, τοπάρχης πλούσιος φοβερός, ρήγας τῆς γῆς Λιβάνδρου, ὄνομα, ξένε, Λίβιστρος, παράξενος εἰς πλάσιν, νέος πολλὰ καλόκοπος, μέγας εἰς τὴν ἀνδρείαν, διὰ πόθον τὸν ἐφάντασεν ἐμὸν ὁ ἐρωτοκράτωρ, δι’ ἀγάπην μου τὸν ἔφλεξεν ἡ φλόγα τῆς Ἀγάπης, διὰ τὴν ἐμὴν ἀσχόλησιν ἔπαθεν ἡ ψυχή του·	NEU
οὐ δήπου γὰρ τοὺς δικαιοτάτους ἐστρατολόγησας, ἵνα σοι τὴν πίστιν φυλάττωσιν, ἀλλὰ τοὺς πονηροτάτους ἄνδρας ὧν ᾔδεις.	NEU
ὢ θανάτου καλοῦ, μεθ' ὃν ἤκουσα τὸν δεύτερον Καλλιρόης γάμον.	NEG
“Τί οὖν” ἔφην “δεῖ σε συμπλέκεσθαι τοῖς Φοίνιξιν ἀλλὰ μὴ ἀναιμωτὶ καὶ πρὸ τῆς θαλάττης ἔχειν, ἐκ τῆς οἰκίας ἁρπάσαντα τῆς ἐμῆς”;	NEG
αἲ αἲ τῆς ἀπανθρώπου Τύχης” Κλέανδρος εἰπὼν τὸν πανύστατον λόγον καὶ τὴν πνοὴν ἀφῆκεν ἅμα τῷ λόγῳ.	NEG
“Ὁ ἀφέντης μας στάμενα ἀγαπᾷ νὰ κερδαίνῃ καὶ διὰ τοῦτον ποιεῖ εἴτις”.	NEU
συντεύξεσθαί ποτε ὑπελθόντι καὶ ἀπολαύσειν, ἢ καὶ αὐτὴ παρ' ἐκεῖνον φοιτήσειν ὅπου ποτ' ἂν ᾖ γῆς ὑποτίθεμαι.	NEU
δίκαια τοίνυν ἂν ποιοῖτε τί ποτε καὶ ὑμῖν βουλομένοις ἐστὶ κοινούμενοι, ὡς ἂν καὶ αὐτὸς πρὸς τὸν ὑμέτερον σκοπὸν τὰ κατ' ἐμαυτὸν διαθοίμην”.	NEU
τὴν πατρίδα εὐηργέτηκας ἀξίως Ἑρμοκράτους καὶ Χαιρέου”.	POS
Χαίρει τὰ πολλὰ τοιγαροῦν καὶ τοῖς νέοις·	POS
Καὶ δὴ καθίσας ἔγραψε ταῦτα πρὸς τοὺς εὐνούχους·	NEU
ἐξεῖπε γάρ μου τὴν βουλήν, ἔδειξε καὶ τὸ γράμμα.	NEU
πλουτήσεις εἰς κόρον, γάμου σοι προνοήσει λαμπροῦ.	POS
Ποθῶ, καὶ ταῦτα καλὴν παρθένον, Καλλιγόνην μοι τὴν προεξηρπαγμένην”.	POS
ἡ γραῦς δὲ — καὶ γὰρ εἶχε καλὴν καρδίαν — ὅλη φανεῖσα τῆς χαρᾶς καὶ τοῦ πότου ἤγερτο λοιπὸν τῆς καθέδρας ὀρθία καὶ πρὸς τὸ πρᾶγμα δῆθεν ἐσκευασμένη, λαβοῦσα χειρόμακτρα χερσὶ ταῖς δύο ὄρχησιν ὠρχήσατο βακχικωτέραν, φθόγγον κορύζης οὐ μακρὰν ποιουμένη χαρᾶς τελεστὴν καὶ γέλωτος ἐργάτην.	POS
“Ἀλλ' ἡμῖν αὗται πέντε χιλιάδες ἱκαναὶ πρὸς εἴκοσι τῶν ἐκείνων.	NEU
ἐπαίρνει τὸ δοξάριν του καὶ ὑπᾷ νὰ κυνηγήσῃ, μὴ νὰ ξοδεύσῃ πέρδικαν τὴν κόρην νὰ τὴν φέρῃ.	NEU
αἱ δὲ τῶν ἄλλων αἰπόλων αἶγες καὶ τὰ πρόβατα καὶ τὰ βουκόλια κατὰ χώραν ἔμενεν ἐν κοίλῃ νηΐ, καθάπερ αὐτὰ τοῦ μέλους μὴ καλοῦντος.	NEU
Μετὰ γοῦν τὰς ἀναπλοκὰς καὶ τοὺς ἐρωτολόγους, περὶ τὸ τέλος τῆς νυκτὸς ἦλθον τοιοῦτοι λόγοι·	NEU
Ἀλλ’ οὕτως ἐξ ἁπλότητος, ὡς καὶ συνήθως εἶχες, ἐξέβης πρὸς ἀναψυχὴν καὶ παραβιβασμόν σου καὶ μάλιστα πρὸς τὸν σκοπὸν οὐκ οἶδα πῶς καὶ τοῦτο·	NEU
οὐ γὰρ λανθάνει ἡμῖν τὰ συμπίπτοντα δεινὰ τῆς Τύχης·	NEG
Ἀλλά μοι ἀντίθεός τις ἔοικεν ἐμποδίζειν τὴν πρᾶξιν καὶ διαμάχεσθαι πρὸς τοὺς ἐμοὺς ὑπηρέτας, ὥστε ὥρα σοι πάντως ἐπιδεικνύναι μοι τὴν ταινίαν ἣν τῇ παιδὶ συνεκτεθεῖσαν ὑποδεδέχθαι μετὰ τῶν ἄλλων γνωρισμάτων ἔλεγες, ὡς ἔγωγε δέδοικα μή τινος ἐμπέπλησται γοητείας καὶ μαγγανείαις τυγχάνει τραχυνούσαις τὴν ψυχὴν ἀνάγραπτος, ἐχθροῦ τινος αὐτὴν ἐξ ἀρχῆς ἀνέραστον ἀποβιῶναι καὶ ἄγονον ἐπιβουλεύσαντος”.	NEG
Οὕτως δὲ ἄρα τὸ σύνηθες ξενιζούσης εὐδαιμονίας τερπνότερόν ἐστιν, ὥστε ἐδάκρυεν ἐφ' ἑκάστῳ τούτων ἀπαλλαττόμενος·	NEG
Μαζώνουνται οἱ καλογριές, μαθάνουσιν τὸ πρᾶγμαν.	NEU
καὶ ἡμεῖς τοῖς ὕπνοις ἀπεσπεισάμεθα, τῆς στρωμνῆς ἀνέστημεν ἕκαστος.	NEU
ἤκουσας ὡς εἰς Κύπρον ἐξέδοντό με, εἰς χρυσίνων μνῶν καὶ μόνην τριακάδα;	NEU
Ὁ Φίλαρμος σπουδαίως γὰρ φθάνει πρὸς τὸ παλάτιν, ηὕρηκε τὸν πατέρα του, τοιάδε τὸν ἐλάλει·	NEU
Μεστὴ μὲν ἤδη ἡ πόλις ἦν τῶν εὐωχουμένων, πάντα δ' ἦν ἐστεφανωμένα καὶ διαβόητος ὁ μέλλων γάμος·	POS
Χαίρων ὁ πατὴρ δίδωσι καὶ μεταπεμψάμενος τὸν Λάμωνα καὶ τὴν Μυρτάλην εὐηγγελίζετο μὲν αὐτοῖς ὅτι Ἄστυλον θεραπεύσει λοιπὸν ἀντὶ αἰγῶν καὶ τράγων Δάφνις, ἐπηγγέλλετο δὲ δύο ἀντ' ἐκείνου δώσειν αὐτοῖς αἰπόλους.	NEU
Καὶ τοῦ φωτὸς αὐγάζοντος ἀπάρτι τῆς ἡμέρας, ἐκεῖ τοὺς ἐκατέλαβον εἰς τοὺς ἀδήλους κάμπους.	NEU
μακάριος ἐκεῖνος ὡς ἀληθῶς, τηλικαῦτα παρ' ἐρωμένης λαβὼν δῶρα”.	POS
ἀλλ’ ὅμως ὡς τὸ ἐδίκησας, ἀπολογίας ἔχε”.	NEU
ὥρμει δὲ πολλὰ πλοῖα ἐν τῇ πόλει·	NEU
Καλὴ Ῥοδάνθη, ναὶ καλὴ καὶ παρθένος·	POS
ἐπλάνα δέ με καὶ τὰ τῶν ἐνυπνίων φαντάσματα, τὸν δὲ ἀληθέστερον ὄνειρον οὐκ ἐθεασάμην.	NEG
Οἱ μέν (νέοι γὰρ καὶ πόθων ὑπηρέται) τὴν νύκτα πᾶσαν ἐν λόγοις κατηνάλουν·	NEU
Ἐμοῦ δὲ ἅπαντα μαθόντος ἐκ θεῶν καὶ εἶναί τε καὶ ὅπου φράσαντος αὖθις ἱκέτευεν ἐπιζητεῖν καὶ προτρέπειν ἥκειν εἰς τὴν ἐνεγκοῦσαν, ἄγονος γὰρ καὶ ἄτεκνος ἐκ τῶν ἐπὶ σοὶ διατελεῖν ὠδίνων ἑτοίμως τε ἔχειν, εἴ ποτε φανείης, ὁμολογεῖν τῷ σῷ πατρὶ τὸ συμβεβηκός·	NEU
ἥσθη μᾶλλον ὁ Θήρων, εὐκολωτέραν ἔσεσθαι τὴν πρᾶσιν οὐκ ἐν ἀγορᾷ νομίζων ἀλλ' ἐν ἐρημίᾳ, καὶ “ἕωθεν” φησὶν “ἀπίωμεν, σὺ μὲν εἰς τὴν ἔπαυλιν, ἐγὼ δὲ εἰς τὴν ναῦν, κἀκεῖθεν ἄξω τὴν γυναῖκα πρὸς σέ”.	NEU
κἀγὼ μὲν ἐδόκουν τοῦτο μόνον εἶναι τὸ δεινόν·	NEG
Ὁπόταν βλέπω τὴν μορφήν, λέγω τὴν ἐδικήν σου, νομίζω ἐκείνην ἀπατὰ βλέπω, νὰ μὴ ἔναι λόγος”.	NEU
ὦ παμμάταιος καὶ παράφρων καρδία, ἂν εἰ προδοῦναι τὴν ἑαυτοῦ παρθένον ὁ σατράπης ἤλπιζε τὸν Δοσικλέα.	NEG
Καλῶς δικάζει καὶ καλῶς πάντα κρίνει·	POS
Ἐπῆγεν, ἐχαιρέτησεν τὸν ἄνθρωπον ἐκεῖνον, εἰπών·	NEU
Καὶ πανταχοῦ γυρεύσαντες, μηδὲν δὲ εὑρηκότες, λυπούμενοι ὑπέστρεφον πρὸς ἀμιρᾶν εὐθέως.	NEG
Καὶ ὁ Φλώριος ἐκάθετον μέσα εἰς τὸ κοφίνιν·	NEU
Καὶ μετὰ ταῦτα θάνατος, καὶ μετὰ ταῦτα λύπη, καὶ μετὰ ταῦτα ἀναστεναγμός, καὶ μετὰ ταῦτα θλίψη·	NEG
“Ἄνθρωπε, βλέπω λυπηρὸν τὸ σχῆμά σου”, τὸν εἶπεν, ἀφ’ οὗ τὸν ἐχαιρέτησεν, καὶ πρὸς ὀλίγον ἔφην·	NEG
ἡ δέ γε τούτου πενθερὰ παρέδωκεν ὡσαύτως πράσινον λευκοτρίβλαττον καὶ ζώνας πολυτίμους, τέσσαρα χρυσογράμματα φακεώλια ἄσπρα, καβάδην τε χρυσοϋφῆ ὄπισθεν γρύψους ἔχον·	NEU
καὶ τοίνυν ἐξάψαντες ἐκ πρῴρας κάλως, στερραῖς δὲ δεσμήσαντες αὐτὴν ἀγκύραις, ἄνιμεν εὐθὺς εἰς Ῥόδον, ναύτας δύο μόνους λιπόντες φυλακὴν τῆς ὁλκάδος.	NEU
ἐγὼ δὲ ὡς εἶδον φερομένην μου τὴν φιλτάτην, οὐκ ἐνεγκὼν ἵεμαι διὰ τῶν ξιφῶν·	NEG
Ὡς δ' ἂν καὶ τοὔνομα τοῦ παιδίου ποιμενικὸν δοκοίη, Δάφνιν αὐτὸν ἔγνωσαν καλεῖν.	NEU
τίς τυφλὸς οὕτω, τίς σεσύληται φρένας, τίς ἀχάριστος εἰς θεῶν θείαν χάριν, ὡς μὴ τὸ κάλλος καὶ σέβειν καὶ λαμβάνειν;	NEU
Καὶ δύο διαγενομένων ἡμερῶν ἐλθὼν ὁ ἄγγελος τήν τε ἁρπαγὴν ἐκέλευσε κομίσασθαι καὶ ἀδικήσαντα μηδὲν ἀναχωρεῖν οἴκαδε·	NEU
ἐν γὰρ ταῖς διοικήσεσι τῶν μεγίστων πραγμάτων ὁ Θεὸς συνεισέρχεται, καὶ μηδεὶς ἀπιστείτω·	NEU
ἄπιμεν οὖν εἰς τὸ στρατόπεδον κοινῇ καὶ τῆς σκηνῆς εἴσω παρελθόντες τῆς ἐμῆς τὸ λοιπὸν τῆς νυκτὸς διετρίψαμεν·	NEU
Οὕτως ἐκείνων τῶν ἀπηνῶν βαρβάρων καταστρεφόντων τοὺς παραλίους τόπους ὁ λῃστρικὸς πᾶς ἦλθεν εἰς Ῥόδον στόλος.	NEG
φύσει γὰρ ἄνθρωπος, ὃ βούλεται, τοῦτο καὶ οἴεται.	NEU
Καθίζουν εἰς τὸν δεῖπνον.	NEU
Ἐν ὅλοις τούτοις τοῖς καλοῖς καὶ φιλοτίμοις πᾶσιν ἄνθρωπος οὐ παρέτρεχεν, οὐκ ἦν ἀνθρώπου φύσις, οὐ φύλαξις τῆς τράπεζας, οὐ φύλαξις τῆς πόλης, οὐδ’ ὑπηρέτης τῶν πολλῶν πολυτελῶν βρωμάτων.	NEU
Αὕτη τὸν ἐμβλέψαντα μακρόθεν φλέγει, τὸν δὲ προσεγγίσαντα τῷ στόματί σου, ἢ καὶ τυχόντα τοῦ φιλήματος μόνου ψυχρᾷ ψεκάδι δεξιοῦται καὶ δρόσῳ.	NEG
“οὐ νῦν” Δοσικλῆς εἶπε “καιρός μοι λέγειν·	NEU
ἀλλ’ ἰδίαν κέκρικα τὴν δυσκληρίαν, εἰ σκῆπτρα τὰ σὰ πρὸς καθαίρεσιν πέσῃ·	NEU
μηδὲν οὖν ἐρωτήσαντες ποῦ πλεῖ, μετεσκευαζόμεθα ἐπὶ τὴν θάλασσαν ἐκ τῆς γῆς, καὶ ἦν ὁ καιρὸς μικρὸν ἄνω τῆς ἕω.	NEU
καὶ τοῦτο μόνον ἐμέμφετο βασιλεὺς Φαρνάκην, ὅτι οὐ προσέγραψεν ἐν τῇ ἐπιστολῇ ὄνομα τῆς γυναικός.	NEU
Ὁμοίως καὶ οἱ συγγενεῖς ἐν γνώσει γεγονότες συνεξήλθασιν ἅπαντες εἰς ἀπάντησιν τούτου καὶ πλησίον γενόμενοι ἔνθα ἦσαν αἱ τένδαι, προϋπήντα ὁ ἀμιρᾶς πεζὸς μετὰ τζαγγίων·	NEU
πέπτωκεν ὀφρύς, ἦλθεν εἰς ἀηδίαν τὸ πᾶν δὲ σοὶ παρῆλθε τοῦ κάλλους, γύναι.	NEG
ἅπαξ ἰδὼν ἐρᾷς, καὶ ταῦτα πενθῶν, πρὶν ἀφοσιώσασθαι τοὺς τῆς ἀθλίας δαίμονας.	NEG
εἰ τοῦτο, συζεύχθητι τῇ ποθουμένῃ, λάβῃ θάνατον ἡ Ῥοδάνθη νυμφίον·	NEG
“Πιστεύω, τέκνον, διὰ σοῦ Θεῷ τῷ ἐν Τριάδι καὶ μετὰ σοῦ πορεύσομαι καλῶς εἰς Ῥωμανίαν, βαπτισθεῖσα εἰς ἄφεσιν τῶν πολλῶν μου σφαλμάτων, χάριν ὁμολογοῦσα τε διὰ σοῦ φωτισθῆναι”.	POS
ὁ δὲ ἀπεκρίνατο “μακρὸς ὁ μῦθος, ὦ δέσποτα, καὶ πρὸς οὐδὲν ἔτι χρήσιμός μοι.	NEU
Διὰ σὲ ἀπολλύω τοὺς ἀθλίους κοψίχους.	NEG
Ἀπῆρεν τους καὶ ὑπάγουσιν πρὸς τὸν αὐτοῦ πατέραν καὶ πρὸς ἀλλήλους ἔλεγον οἱ συγγενεῖς τῆς κόρης·	NEU
ἐπῆρεν ἀλλάγια ϑαυμαστὰ διακόσια πενῆντα, καὶ τὸ καϑὲν ἀπὸ ἑκατὸν εἶχεν καβαλλαρίους, φαράτους ὅλους, διαλεχτούς, καλούς, δοχιμασμένους.	NEU
ἐξέπτη δέ μου καὶ ὁ ὕπνος τῶν ὀφθαλμῶν, καὶ ἠνιώμην νὴ τὸν Ἔρωτα οὕτω καλὸν ἀπολέσας ὄνειρον καὶ τῆς ἐμῆς φίλης Ὑσμίνης ἀποσπασθείς·	NEG
ὃ γὰρ βούλεται τοῦθ' ἕκαστος καὶ οἴεται.	NEU
τὸ κρίνον κοσμεῖ τὸν κῆπον, ἡδύνει τὴν ὄσφρησιν, τὸν θεατὴν ἐφέλκεται καὶ πρὸς τὸ ῥόδον ἐρίζει·	POS
ἡ δὲ Δροσίλλα, καίπερ ἐν μέσῳ φόνων — εἰς γὰρ τὸ κάλλος ἀσθενοῦσι καὶ ξίφη —, μέσον ξιφῶν ἔμεινεν ἐκτὸς τραυμάτων·	POS
Βλέπεις ἀνάγκην ἣν φέρει, βλέπεις νόσον.	NEG
κανεὶς οὐδὲν ἑτόρμησεν ἵνα τὸν ἐξυπνήσῃ.	NEU
ἄγγελος δὲ Φήμη ταχεῖα Συρακοσίοις ἐμήνυσε τὸ παράδοξον.	NEU
Χαίροις, φυτουργὲ τῶν τοσούτων ἀνθέων·	POS
μεταπεισθεὶς γὰρ ὑπὸ τοῦ φίλου, πρὸς ὃν ᾤχετο, μὴ ἀπόκοιτος γενέσθαι, δειπνήσας πάλιν ἀνέστρεφεν ἐπὶ τὴν οἰκίαν.	NEU
Καὶ ταῦτα λέγων ἐπεδάκρυεν ὥσπερ ὅτι πρὸς βίαν ἥττηται κόρης ἐνδεικνύμενος.	NEG
Ἀκούσας ταῦτα ὁ Φλώριος παίρνει τὸ δακτυλίδιν, βάνει το στὸ δακτύλι του διὰ παρηγοριάν του.	NEU
τοῦτο πληροφορήθητι καὶ λάβε κατὰ νοῦ σου, εἰ μὲν καὶ με τὸ θέλημα καὶ τὴν προαίρεσίν σου θέλεις γυρίσειν καὶ στραφῆν, παυόμεθα τοῦ λέγειν, εἰ δ’ ἴσως ὀπισωπατεῖς, οὐ θέλεις ν’ ἀκλουθήσῃς, ἐπέρνωμέν σε πεταστόν, γοργογυρίσομέν σε, καὶ ὁ πατήρ σου ὁ βασιλεὺς τοῦτο καὶ γὰρ μᾶς εἶπεν”.	NEU
Νικᾷ Σωσθένης, καὶ ἅρμα φέρων ἀνάγει μοι καὶ ἄγει με περὶ τὴν οἰκίαν καὶ φιλοφρονεῖταί με μάλα φιλοτίμως καὶ εἰσάγει με περὶ τὸν κῆπον.	NEU
Οὕτω τραπέντος πρὸς ὕπνον Χαρικλέος, Δροσίλλα πικρῶς ἐστέναζεν ἐκ βάθους ἐν παρθενῶνι τῆς Χρυσίλλας κειμένη — οὐ γὰρ κατασχεῖν ἠδυνήθη τὴν κόρην νήδυμος ὕπνος ἐκχυθεὶς κατ’ ὀμμάτων	NEG
Ταύτης εἰς τὴν ἑτέραν λῆξιν ἀναλυθείσης χρόνον μέν τινα διῆγον ἀπαθὴς κακῶν ἐπὶ παισὶ δύο τοῖς ἐξ αὐτῆς ἁβρυνόμενος·	POS
ἐὰν μὲν ᾖ ὄψον ἐλέφαντος, ἔλαβέ τε εὐθὺς καὶ ἐπιπτυχθεῖσα κάτω πρὸς τὴν γένυν τῷ στόματι τὴν τροφὴν διακονεῖ·	NEU
Ἀκόμα ἄλλα δύο λόγια ἔχω νὰ τὸν ἐρωτήσω·	NEU
Καὶ νῦν δὲ μᾶλλον σωφρόνως ἠγαλλόμην, ἐλεύθερονφῶς, ὦ θεοί, λαχὼν βλέπειν·	POS
δοῦλος Ὑσμίνης ἐξ Ἔρωτος, δοῦλος λογισμῶν ἐκ τῶν ὀφθαλμῶν καὶ δοῦλος ἐκ τύχης τοῦ κήρυκος.	NEG
Γοργὸν ἀπιλογήθηκεν ὁ εὐνοῦχος πρὸς ἐκεῖνον·	NEU
Καὶ ποῦ νὰ πάγῃ, αὐϑέντη μου, ὁ ἐρωτικός σου πόϑος;	NEU
παριόντι δὲ αὐτῷ τὴν ἀγορὰν ὁ Αἰγύπτιος ἔλεξεν “ἐνταῦθά ἐστιν ἡ γυνή, δέσποτα, ἡ μὴ βουλομένη προσελθεῖν, ἀλλὰ ἀποκαρτεροῦσα·	NEU
οἷος μὲν οἷος ὁ Βρυάξης Μιστύλῳ καὶ πῶς τὰ θεσμὰ τῆς πρὸς αὐτὸν ἀγάπης φρουρεῖν διεσπούδακεν, εἴπερ ἄλλο τι, ἄλλοις τε πολλοῖς, εἰ θελήσεις, ἂν μάθοις καὶ μᾶλλον οἷς μοι τῆς Τύχης δωρουμένης μόνῳ μὲν ἄρχειν, ἄλλα δὲ θραύειν κράτη, οὐκ ἠθέλησα τῆς Τύχης μοι τὴν χάριν καὶ μέχρι τοῦ σοῦ, Μιστύλε, φθάσαι κράτους.	NEU
οὐκ ἔστι δὲ οὕτως ἄνθρωπος δρομικώτατος, ὃν οὐ τῆς φήμης φθάνει τὸ πτερόν·	NEU
τὸ τῆς χαρᾶς δάκρυον ἔρρει πλησμίως, τῆς χαρμονῆς ὁ θρῆνος ὑψοῦτο πλέον.	POS
ὁ δὲ καλάμους ἐκτεμὼν λεπτοὺς καὶ τρήσας τὰς τῶν γονάτων διαφυάς, ἀλλήλοις τε κηρῷ μαλθακῷ συναρτήσας, μέχρι νυκτὸς συρίττειν ἐμελέτα·	NEU
Ταύτην ἀναγνοὺς τὴν γραφὴν ὁ Μιστύλος οὐδὲν μὲν ἀντέγραψεν, ἀλλ’ ἀπεκρίθη πρὸς τὸν Βρυάξου σατράπην τὸν Ἀρτάπην·	NEU
κατελείφθην ὑπὸ τῶν ἐπὶ τῆς νεὼς ἐν Κεφαλληνίᾳ, ταχείας δὲ τῆς ἀναγωγῆς γενομένης ἐκεῖθεν.	NEU
αἰδούμενος μὲν τοὺς ἑαυτοῦ σατράπας, χολούμενός τε καὶ θυμῷ πεφλεγμένος, ὅλος μέλας ἦν ἐμπαθεῖ μελανίᾳ·	NEG
φίλοι βιασταὶ τῆς ἐμοὶ φίλης βίας, καλοὶ τύραννοι τῆς καλῆς τυραννίδος”.	POS
Τί γὰρ παθεῖν μου τὴν τάλαιναν καρδίαν δοκεῖς, φίλε Κλέανδρε συμφυλακίτα, ἐρωτικῶν πληγεῖσαν ἐξ ἀκουσμάτων;	NEG
Λέγουν την ἡ Ἀλήθεια, ἐκείνη ὀμνεῖ εἰς ἐτοῦτον νὰ μὴ ψευσθῇ τὰ ὑπόσχεται διὰ πόθον εἰς τὸν κόσμον·	NEU
“Πότε, γεράκιν μου καλόν, τὰς πτέρυγας ἁπλώσεις καὶ κυνηγήσεις πέρδικα, λῃστάδας ὑποτάξεις”;	NEU
Φιλῶ Χαρικλῆν καὶ ποθῶ πάντων πλέον·	POS
καὶ ταῦτα ἕως ἔξεστι, τοῦ Αἰγυπτίου τούτου (ἔλεγε δὲ τὸν Θέρμουθιν) ἀπολειπομένου καὶ νεκροὺς ἔρωτας ἀναπλάττοντος καὶ θρηνοῦντος”.	NEU
Θίσβη παιδισκάριον ἦν αὐτῇ ψάλλειν τε πρὸς κιθάραν ἐπιστάμενον καὶ τὴν ὄψιν οὐκ ἄωρον.	NEU
οἱ μὲν ᾄδοντες τὰ ὀρνίθων ᾄσματα, οἱ δὲ τῇ τῶν πτερῶν ἀγλαϊζόμενοι στολῇ.	NEU
ἐν λειμῶνι Σύριγξ δὲ προήλυθεν εἰς καλαμῶνα, γαῖα δ’ ὑπὸ στέρνοισιν ἐδέξατο παρθένον αὐτήν.	NEU
Φϑάνει ὁ πατήρ του σύντομα καὶ οἱ δώδεκά του ἀγοῦροι καὶ τὸ μαχαῖριν ἥρπαξεν ἀπὸ χειρὸς τοῦ νέου·	NEU
ἓν οἶδα μόνον, οὐδείς μου τὴν παρθενίαν κατῄσχυνε”.	POS
εἰ γοῦν κατ’ ἄνδρα τις τὰ τοῦ κάλλους κρίνει, ὡραῖον ἂν μάθοι με τὴν θεωρίαν.	NEU
τὰ πάντα ὅλα ἔχασε, τὸν ἵππον καὶ τὰ ῥοῦχα, καὶ εἰς τὸ μέρος τὸ δεξιὸν ὥσπερ νεκρὸς ἐρρίφθην·	NEG
Καιρὸς οὖν ἑορτῆς, καὶ λαμπρὰ πανήγυριςΔαφνηπόλει τῇ πόλει, καὶ παρθένου Δάφνης φυγὴ τὰ τῆς ἑορτῆς καὶ φύσις ὁμωνύμου φυτοῦ, καὶ ἐπὶ πᾶσιν Ἀπόλλωνος ἑορτὴ καὶ πανήγυρις.	NEU
ἐπεὶ δὲ μετὰ ταῦτα οὐκ εἶχεν εὑρεῖν, εἰς τοὺς καλάμους δοκῶν λελύσθαι τὴν κόρην ἔκλαιε τὴν τομήν, νομίζων τετμηκέναι τὴν ἐρωμένην.	NEG
Ἴδε τῶν δώδεκα Ἀρετῶν τὰ γράμματα καὶ οἱ λόγοι τὰ ηὕρηκα, φίλε, εἰς τὸ πλευρὸν τοῦ Ἀργυροῦ τοῦ Κάστρου·	NEU
Ὕλη μὲν ὑπέστρωτο σάπφειρος λίθος, ὃν εὐφυής τις καὶ σοφὸς λιθοξόος λιθοξοήσας καλλιτέχνῳ δακτύλῳ τὸν σχηματισμὸν ἀντέθηκεν ἡλίκον·	NEU
Δός μοι, Δροσίλλα, καὶ σὺ τὸν σαυτῆς γάμον, δι’ ὃν διυπήνεγκα μυρίους πόνους, δι’ ὃν φυγήν, δούλωσιν, αἰχμαλωσίαν, δι’ ὃν στεναγμοὺς καὶ θαλάσσας δακρύων.	NEG
καὶ πρῶτα μὲν προσκυνῶ, τοῦτο δὴ τὸ δουλοπρεπές, εἶτα καὶ λοιδορῶ τὸν ζωγράφον ὅτι μὴ καὶ τὴν Ὑσμίνην τῷ χορῷ τῶν δούλων ἐγγράψαιτο, παρθένον οὕτω καλήν, οὕτως ὡραίαν, οὕτω πνέουσαν ἔρωτος, οὕτω φιλοῦσαν Ἔρωτα, καὶ φιλουμένην ἐξ Ἔρωτος.	POS
πάλιν τὸν Ἔρωτα βλέπω, τὰ βέλη φρίσσω, τὸ πῦρ φοβοῦμαι, δειλιῶ τὸ τόξον καὶ τὴν δούλωσιν κατασπάζομαι.	NEG
Εἰ δὲ καὶ πᾶν τμῆμα καιροῦ καὶ διάστημα ἐξ ἡμέρας καὶ νυκτὸς ὡς ἐξ ὕλης τὴν σύστασιν ἔσχηκεν, αὗται δὲ δοῦλαι κατὰ τὴν γραφὴν καὶ τὸ σὸν μυσταγώγημα, εὔδηλον ὡς καὶ τὸ ἐκ τούτων καὶ δι’ αὐτῶν ὅλον ἐν ὅλαις αὐταῖς οὐκ ἀποφύγῃ τὴν δούλωσιν, ἀλλ’ ἆκον συνδουλαγωγηθήσεται”.	NEU
καὶ τὸ μὲν βάρβαρον ἅπαν ἄλλῳ στρατῷ κατεληΐζετο, ἡμεῖς δ’ Ἑλληνικὴν βαρβαρικῆς δουλείας ἀντηλλασσόμεθα, καὶ δοῦλοι πάλιν ἐκ δούλων γεγόναμεν, καὶ βαρβάροις δεσπόταις γεγονότες ὁμόδουλοι καὶ αὐτοῖς δεσπόταις συναιχμαλωτιζόμενοι ὁμογλώσσοις Ἕλλησιν ἐδουλογραφούμεθα.	NEG
καὶ πάλιν δοῦλος καὶ τρίδουλος ἐγώ, καὶ τῷ δεσπότῃ περὶ τὴν οἰκίαν μεθέλκομαι, ᾧ χρησμὸς καὶ κλῆρος τὴν ἐμὴν ἐχαρίσατο δούλωσιν.	NEG
“Ἄρχοντες, τοπαρχεύοντες γῆς τῆς ἐμῆς καὶ χώρας, οἱ συγγενεῖς, οἱ φίλοι μου, οἱ συνοικήτορές μου, οἴδατε πάντες ἀκριβῶς τοὺς ἰδικούς μου πόνους, τοὺς καθημέραν μόχθους μου, τὰς πολεμομαχίας ὅσας ὑπέστην μεθ’ ὑμῶν ὑπὲρ τῆς χώρας ταύτης, μέχρι τοὺς ἀντιδίκους μου ἠφάνισα τελείως καὶ κόσμον κατεδούλωσα καὶ χώρας ἠλευθέρας δούλους ἀπεκατέστησα πρὸς γῆν Ἀργυροκάστρου.	NEU
“Ἔρω, ἀπεδάρτε ἀρνοῦμαι σε καὶ ψεύστην σὲ ὀνομάζω, κόπτω τὸ δέμαν τὸ ἔποικα ἐγὼ τὸ πρὸς ἐσέναν, ὁρκοπατῶ καὶ τὸ ὤμοσα, τὴν δούλωσίν σου ἀρνοῦμαι·	NEG
Καὶ εἶπε διατί τὸν Ἔρωτα ψεύστην τὸν ὀνομάζεις καὶ ὁρκοπατεῖς τὰ ὤμοσες, τὴν δούλωσιν ἀρνᾶσαι, κόπτεις το τὸ λίζιό σου τὸ ἔποικες εἰς ἐκεῖνον καὶ εἰς κόσμον ἀνενέργητον τὸ τόξον του ὀνομάζεις;	NEU
Καὶ εὐϑὺς ὁ ἀκαταδούλωτος ὅλος κατεδουλώϑην καὶ διὰ τὸν πόϑον τὸν πάλαι ὁποῦ εἶχεν εἰς τὴν κόρην, ἀγάπην ἐπεζήτησεν μετὰ πατρὸς ἐκείνης.	POS
ἐμέν, τὸν οὐκ ἐτρώσασιν κοντάρια ἢ σπαϑία, τὸ βλέμμα σου μὲ ἐφλόγισεν καὶ ἐκατεδούλωσέ με, τὰ ὀμμάτια σου τὰ ὀρωτιχὰ ἐπήρασιν τὸν νοῦν μου, καὶ δοῦλον μὲ κατέστησαν, δοῦλον δεδουλωμένον.	NEG
πολλὰ εἶμαι ἀκαταδούλωτη εἰς Ἔρωταν καὶ Πόϑον, οὐκ οἶδα ϑλίψιν ἔρωτος, οὐκ οἶδα ἀγάπης πόνον.	NEU
ἐν δὲ τῷ μεταξὺ παρῄει πλῆθος ἀνθρώπων ἐλευθέρων τε καὶ δούλων, ἐν μέσοις δὲ αὐτοῖς ἀνὴρ ἡλικίᾳ καθεστώς, μελανειμονῶν καὶ σκυθρωπός.	NEU
κἂν πλεῖστον ἑσμὸν εὗρε συνδούλων νέων, σύνδουλον ἠπίστατο τὸν Δοσικλέα·	NEU
ἆρα μὴ καὶ αὐτός, οἴμοι, δουλεύεις τὸ μόνον ἐλεύθερον καὶ ἀδούλωτον πλὴν ἔρωτος φρόνημα;	NEU
Καὶ τί νὰ εἰπῶ τὸν Ἔρωταν, τῶς νὰ τὸν ὀνομάσω;	NEU
Ὅτι καρδίας ἐξανασπᾷ καὶ τὰς ψυχὰς μαραίνει, φλογίζει νέους παρὰ καιρὸν καὶ καταδαπανεῖ τους·	NEG
πολλὴν ἔχει τὴν δύναμιν, πολλὴν τὴν ἐξουσίαν, μεγάλην ἔχει τὴν ἰσχὺν καὶ φοβερὰν τὴν τόλμην.	NEG
Ἀλὶ τὸν βάλλει εἰς χεῖρας του νὰ τὸν καταχρατήσῃ!	NEG
Καίει, καταφλογίζει τον, τὸν νοῦν του αἰχμαλωτίζει.	NEG
Τῆς γοῦν νυκτὸς καθ' ἣν ἀπὸ τῶν βουκόλων ἐπέστης ἀνασῴζων ἡμῖν, ὦ 'γαθέ, τὴν Χαρίκλειαν οὐκ οἶδ' ὅπως ἢ ὅθεν οὗ λέγω τούτου παρακηκοὼς τοῦ ὀνόματος οὐδὲ ὅσον πρὸς βραχὺ γοῦν ὕπνου μοι μεταλαβεῖν ἐνέδωκε, συνεχὲς ὑπὸ τοῦ δέους ἐκθνήσκων καί μου πράγματα ἔχοντος ὥστε ἀναλαμβάνειν	NEG
“Ἓν ἔτι λείπεται” ἔφη·	NEU
ἰδοὺ γὰρ χωριζόμεθα καὶ ζῆν οὐ θέλω φέρειν”	NEG
Ἀγαμέμνονα ἔδει φονευθῆναι τὸν καλόν, οὗ κάλλος οὐράνιον ἦν, ὄμματα καὶ κεφαλὴν ἴκελος Διῒ τερπικεραύνῳ·	NEG
“Ἐσύ ᾽σαι φῶς τῶν ὀφθαλμῶν, ψυχή μου καὶ ξωή μου καὶ τῆς καρδίας μου ἀνασασμὸς ἐσύ 'σαι, δέσποινά μου”	POS
“Ἐγὼ ὁ δυνάστης Ἀχιλλεύς, ὁ υἱὸς τοῦ βασιλέως, ἔρχομαι πρὸς βοήϑειαν πάντων τῶν ἐδικῶν μου·	POS
Ὁποὺ τὸ φέγγος ἔλεγεν μετὰ πολλῶν δακρύων νὰ συμπονῇ τὸν πόνον του καὶ συνενδράμῃ τοῦτον τώρα τὸν λέγει νὰ χαρῇ, νὰ λάμψῃ, νὰ φαιδρύνῃ καὶ πρὸς τὴν ὀρθοδρόμησιν τῆς στράτας του νὰ τρέχῃ	POS
ὅσον δ’ ἐν γυναιξίν, ἀκολάστως ἐχρήσαντο·	NEG
Οὐκ ὤφελον, γῆ, πῦρ, ὕδωρ, ἀήρ, νέφος καὶ πανδεχὲς σφαίρωμα καὶ φῶς ἡλίου, ἐκ γαστρὸς ἐλθεῖν καὶ προελθεῖν εἰς βίον	NEU
Πανθία πρὸς τὴν κόρην ἄγει τοὺς ὀφθαλμούς, ὅλους θυμοῦ, ὅλους ζήλου, καὶ πλήρεις αἵματος·	NEG
Ἐὰν ἤξευρα ὅτι ὁ ϑάνατος οὕτως σὲ ϑέλει πάρειν, νὰ ὑστερηϑῶ παρὰ καιρὸν τὰ πάντρεπνά σου κάλλη, τὰ ὀμμάτια σου τὰ ὀὁρωτικά, τὰ πάντρεπνά σου χείλη, τὴν ἡλικίαν σου τὴν λαμπρήν, τὴν ὄντως ϑαυμασίαν, οὗ μὴ ἐπλησίαζα εἰς τὸ ἐκ παντός, κόρη, νὰ σὲ ἐπάρω·	NEG
Λεωνᾶς δὲ παραλαβὼν τὴν Πλαγγόνα καὶ μετ' αὐτῆς τὰς συνήθεις τῇ Καλλιρόῃ θεραπαινίδας ἧκε πρὸς αὐτὴν καὶ λέγει	NEU
τὰ σαφέστερα δὲ καὶ ἀκριβέστερα τῶν κατὰ τὴν κόρην εἰς αὔριον μαθήσῃ περὶ τὸν νεὼν τῆς Ἴσιδος ἐντυχών”.	NEU
Σωσθένης πατὴρ Ὑσμίνης ἐν μέσῃ τραπέζῃ καὶ δείπνῳ πολυτελεῖ γάμον ἕτερον κηρύσσει τῆς θυγατρός, ὃν ἡδέως φεύγοντες ἡμεῖς πικρῶς ἁλισκόμεθα, εἰς πῦρ ἐκ καπνῶν ἐμπεσόντες κἀξ ὄμβρων εἰς θάλασσαν.	NEG
“Αἰαῖ, κακῶν κάκιστε, τί δράσεις, Χάρων”;	NEG
ἄφες τὸ πενθεῖν καὶ τὸ μακρὰ δακρύειν (θηλυπρεπὴς γὰρ ἡ ῥοὴ τῶν δακρύων), καὶ τὰς σεαυτοῦ δυστυχεῖς τύχας λέγε·	NEG
“Ἐγὼ” ἔφη “εἰμὶ τὸ γένος πόλεως Περίνθου (πλησίον δὲ τῆς Θρᾴκης ἡ πόλις) τῶν τὰ πρῶτα ἐκεῖ δυναμένων·	NEU
Τίς ἂν φράσῃ τὴν ἡμέραν ἐκείνην πόσας ἔσχε πράξεις, πῶς ἀλλήλαις διαφόρους, — εὐχομένων, συντασσομένων, χαιρόντων, λυπουμένων, ἀλλήλοις ἐντολὰς διδόντων, τοῖς οἴκοι γραφόντων;	NEU
“Ψυχίτσα μου, ἂς ὑπάμεν”.	POS
Καὶ ὀλόγυμνην τὴν ἔκδυσεν μετὰ λινοῦ καὶ μόνου, τὸ δὲ λινὸν εἰς τὸ ἐκ παντὸς ἦτον ὡς ἄχνη μόνον·	NEU
“Δεῦτε, καλοί μου φίλοι, στρατιῶται ἀνδρειωμένοι μου καὶ παμπιστότατοί μου, σήμερον νὰ ὑπάγωμεν νὰ ἴδετε τὴν κόρην	POS
“Φλώριε, ἐπεὶ μὲ ὁρκωμοσίαν ἀφύρωσα τὴν συνταγήν, οὐ κἂν ποσῶς ἀρνοῦμαι οὐκ ἀποφεύγω τὸ ὤμοσα, θέλω νὰ τὸ πληρώσω·	NEU
εἰς ὅλον τὸ περίγυρον τῆς αὐτοκρατορίας τῶν γεννητόρων τῶν ἐμῶν ἄλλον νερὸν οὐκ ἦτον, εἰ μὴ καὶ μόνον ποταμὸς καὶ κεῖνος ἐκρατεῖτο παρὰ τοῦ δράκοντος αὐτοῦ καὶ τοῦ λυσσώδους τούτου.	NEG
ἂν εἶδες κάλλος, ἄνθρωπε, τῆς γυναικὸς ἐκείνης πῶς ἐμαράνθη πρὸ καιροῦ ἀπὸ κλαθμοῦ καὶ πόνου ὡς ἐν τῷ θέρει ψύγεται πολλάκις καὶ τὸ ῥόδον, πλὴν κἂν ψυγῇ καὶ μαρανθῇ, πάλιν ἀνθεῖ τὴν χάριν.	NEG
καλῶς δὲ συνθεὶς τὴν ἀνὰ χεῖρας λύραν καὶ πρὸς τὸ πλήττειν εὐφυῶς καθαρμόσας ἔρωτος ᾖσεν ᾆσμα τερπνὸν ἡδύνον·	POS
ἀνθησάτωκαὶ βάτος ἡδύπνουν ῥόδον·	POS
ἕτεραι χειροκύμβαλα ἔκρουον μελῳδοῦσαι μέλος λίαν ἡδύτατον, ἐπαινοῦσαι τὸν παῖδα καὶ τὴν παρθένον μετ’ αὐτοῦ καὶ γονεῖς ἀμφοτέρων·	POS
ἐγὼ δὲ ἀκούσας οὐδὲν εἶπον, ἀλλ’ ἔπιον μεθ’ ἡδονῆς ὅσης, ὅτι καὶ τὸ ἔκπωμα μάλα τερπνὸν καὶ τὸ πόμα γλυκὺ καὶ τὸ ὕδωρ διειδὲς καὶ μάλα ψυχρόν, ὧν οὔτι γένοιτ’ ἂν ἡδύτερον ἀνδρὶ διψῶντι καὶ καυματουμένῳ καὶ ζέοντι.	POS
Ἔδε πανώραιος τόπος, ἔδε πανώραιον καὶ τερπνὸν καὶ Πόϑου περιβόλιν!	POS
Ἐξ αὐτοῦ δὲ τοῦ ποταμοῦ ὕδωρ μετοχετεύσας, ἄλλον τερπνὸν παράδεισον ἐφύτευσεν ἐκεῖθεν, ἄλσος ξένον, εὐθέατον τοῖς ὀφθαλμοῖς τῷ ὄντι.	POS
καὶ ἀναζητησάμενος ἐξηγητὴν τῆς εἰκόνος τέτταρας βίβλους ἐξεπονησάμην, ἀνάθημα μὲν Ἔρωτι καὶ Νύμφαις καὶ Πανί, κτῆμα δὲ τερπνὸν πᾶσιν ἀνθρώποις, ὃ καὶ νοσοῦντα ἰάσεται, καὶ λυπούμενον παραμυθήσεται, τὸν ἐρασθέντα ἀναμνήσει, τὸν οὐκ ἐρασθέντα προπαιδεύσει.	POS
Ἐγειτνία μοι παρθένος Καλλιγόνη, τὴν ἀρρένων μὲν ὄψιν εὐλαβουμένη, μυχαιτάτῳ δὲ θαλάμῳ φρουρουμένη.	NEU
ἐγὼ δ’ οὐδ’ εἰν Ἀΐδαο λήσομαι φιλίας τῆς σῆς, Ὑσμινία γλυκύτατε, καί σοι φυλάξω τὴν παρθενίαν ἀπαρεγχείρητον·	POS
“Γάννυσθε, παῖδες, πρὸς γονεῖς σεσωσμένοι·	POS
Ἐπῆρεν τοῦτον ὁ ϑυμός, τὸν Πάντρουκλον ἐλάλει·	NEG
Οὗτος γὰρ ἔναι ἔμορφος, ἄγγελον ὁμοιάζει, ἔχει καὶ φρόνεσιν καλὴν καὶ λοῦρδος ὁμοιάζει·	POS
Ἅιδης συναρπάζει με καὶ πρὸ τοῦ χρόνου, ὁ λαμπρὸς αὐτὸς ἀστεράρχης φωσφόρος ἔδυνέ μοι τοῖς πᾶσιν ἀκτῖνας βρύων.	NEG
οἴχῃ, καλὸν θέαμα τοῖς θεωμένοις καὶ χρηστὸν οἰώνισμα τοῖς βλέπουσί σε.	POS
Ὁ δὲ Ἁβροκόμης ὡς ἐπύθετο καὶ τὸν χρησμὸν καὶ τὸν γάμον, ἐπὶ μὲν τῷ τὴν Ἀνθίαν ἕξειν μεγάλως ἔχαιρεν·	POS
τὸ μὲν γὰρ λείψανον ἔχω σου τοῦ σώματος, ἀπολώλεκα δὲ σέ.	NEG
Καλὴ μέν ἐστι τῆς Ῥοδάνθης ἡ χρόα·	POS
Καὶ περιπλακεὶς αὐτὴν κατεφίλησα, καί μου τῶν ὀφθαλμῶν ἀπέρρει τὸ δάκρυον, καὶ περιπλακέντες τοῖς δάκρυσιν ἐβρεχόμεθα.	POS
Εἰληφέναι γοῦν ἐκ δυοῖν ἀνδρῶν ἔχω πάντως μεγίστας τῆς χαρᾶς τὰς ἐγγύας.	POS
Ἐσθιόντων δὲ αὐτῶν καὶ περιττότερα φιλούντων ὧν ἤσθιον, ναῦς ἁλιέων ὤφθη παραπλέουσα.	NEU
οὕτως ἀεὶ τὸ τόξον ἐντείνων Ἔρως σφάττει, φονεύει, τραυματοῖ, ξαίνει, θλίβει, κεντεῖ, τιτρώσκει, θανατοῖ, τέμνει, τρύχει.	NEG
τί οὖν μέλλομεν πράττειν ἕωθεν;	NEU
Οἱ δὲ τὸ μὲν πλῆθος εἶναι Βησσαέων ἀπεκρίναντο ἑαυτὸν δὲ ὁ Θύαμις ὅστις εἴη, καὶ ὅτι παρανομηθεὶς ὑπό τε τοῦ ἀδελφοῦ Πετοσίριδος καὶ Ὀροονδάτου τῆς τε προφητείας ἐξ ἐπιβουλῆς ἀφαιρεθεὶς ἐπὶ ταύτην ὑπὸ Βησσαέων κατάγοιτο.	NEG
Καὶ ἦν θέαμα καινὸν καὶ ὅλον χάριτος καὶ φρέαρ οὕτω ποικίλον καὶ πτηνὰ τὸ ὕδωρ ἐκπτύοντα καὶ Θετταλὴ φιάλη καὶ κατάχρυσος ἀετὸς πηγὴν φέρων ἐν στόματι.	POS
Διὰ σὲ ἀπολλύω τοὺς ἀθλίους κοψίχους.	NEG
Ὁ δ’ ἀνεπήδησε τῆς στρωμνῆς, ἐγὼ δὲ πάλιν εἶπον·	NEU
ὁ Βέλθανδρος ἐδιάβηκεν, ἐπέρασεν ἐκεῖθεν, ἐξεγυμνώθην, ἔφθασε κοντὸ εἰς τὸ πνιγῆναι, μόλις ἐσώθην εἰς τὴν γῆν γυμνὸς με τὸ βρακίν του·	NEG
καὶ πᾶν τι δεινὸν ἄλλο συγκλώσειέ μοι μίτος πονηρὸς ἐξ ἀλάστορος Τύχης”.	NEG
ὡς δὲ τῆς φωνῆς ἀκούσας ἐξῆλθεν ὁ Βαρλαὰμ τοῦ σπηλαίου, ἐγνώρισε τῷ πνεύματι τόν, κατά γε τὴν ἔξω θέαν, οὐκ εὐχερῶς γνωρισθῆναι δυνάμενον, διὰ τὴν θαυμαστὴν ἐκείνην μεταβολὴν καὶ ἀλλοίωσιν ἣν ἠλλοίωτο καὶ μετεβέβλητο τῆς ὄψεως ἐκείνης τῆς προτέρας καὶ τῆς ὡραῖον ἀνθούσης νεότητος, μεμελανωμένος μὲν ἐκ τῆς ἡλιακῆς καύσεως, κατάκομος δὲ ταῖς θριξίν, ἐκτετηκυίας δὲ τὰς παρειὰς καὶ τοὺς ὀφθαλμοὺς ἔσω που εἰς βάθος δεδυκότας καὶ τὰ βλέφαρα περιπεφλεγμένα ἔχων ταῖς ῥοαῖς τῶν δακρύων καὶ τῇ πολλῇ τῆς ἐνδείας ταλαιπωρίᾳ.	NEG
τὸ παρὸν δέ σοι τάσδε ἐπιφέρω χοάς”, καὶ ἅμα ἔτιλλε τὰς τρίχας καὶ ἐπὶ κλίνην ἐπέβαλλε, “καὶ τάσδε ἀποχέω τὰς σπονδὰς ἐκ τῶν σοι φίλων ὀφθαλμῶν”, καὶ αὐτίκα διάβροχος ἦν ἡ στρωμνὴ τοῖς δάκρυσιν.	NEG
τὴν φήμην σου ἐγνωρίζουν την καὶ τὴν ἀνδρείαν σου πάλε ὁ κόσμος ὅλος γέμει την καὶ οἱ πάντες τὴν ἠ ξεύρουν, καὶ μετὰ συμβιβάσεως ὁ πόθος σου νὰ γένῃ”.	POS
ἐξέβη καὶ βλέπει ἀνθρώπους πολλούς, αὐτὸν προσκυνοῦσιν.	NEU
Μίαν ὑπεισελθὼν τῶν νεανίδων ἐκείνων, ἥτις πάντων οὖσα εὐμορφοτάτη, θυγάτηρ μὲν βασιλέως ἐτύγχανε, αἰχμάλωτος δὲ τῆς ἰδίας ἀλλοτριωθεῖσα πατρίδος καὶ τῷ βασιλεῖ Ἀβεννὴρ ὡς μέγιστον κομισθεῖσα δῶρον·	NEU
κατεγέλασε Καλλιρόη τῆς ἀπειλῆς καὶ ἔφη “οὐ νῦν πρῶτον πείσομαί τι δεινόν·	NEG
Ἀλλ’ ἡ Δροσίλλα τὸν καλὸν Χαρικλέα καίτοι κρατοῦσα καὶ φιλοῦσα τὸν νέον ἐδεξιοῦτο τῇ περιπλοκῇ μόνῃ καὶ τῇ μελιχρότητι τῶν φιλημάτων.	POS
Πότε τὸ φῶς τῶν ὀμματιῶν, κυρά, τῶν ἐδικῶν μου, πότε τὰ φύλλα τῆς καρδιᾶς καὶ τὸν ἀνασασμόν μου, πότε ἐξενοδόχησες τὴν σύστασιν τοῦ νοῦ μου, πότε τὴν κόρην τὴν ποθῶ καὶτὴν ἀναγυρεύω, κυρά μου, ἐξενοδόχησες, εἰπέ, ἀφηγήσου μέ το”.	NEU
Τοιαῦτα εἰπὼν καὶ ἀκούσας ὁ Ὑδάσπης ἐπῄνει τε καὶ εἰς τὴν Συήνην εἰσέπεμπεν, ἐπιμεληθῆναι αὐτοῦ παντοίως τοῖς ἰατρεύουσιν ἐπιστείλας.	NEU
Ἀλγῶ κεφαλήν, Καλλίδημε, καὶ πλέον, τὸ νῦν ἔχον, σοὶ προσλαλεῖν οὐκ ἰσχύω”.	NEG
Σῶν χειλέων κάμινος ἐξῆπται μέσον, Καλλιγόνη, θάμβημα τοῖς ἰδοῦσί σε, ὁμοῦ κατ’ αὐτὸ πῦρ φέρουσα καὶ δρόσον, τῇ μὲν καλοῦσα, τῷ δ’ ἀποτρέπουσά με.	POS
ἤρεσεν ὁ λόγος τῷ βασιλεῖ, πρὸς ἡδονὴν γὰρ ἦν, καὶ προσλαβόμενος ὑπὸ χεῖρα τὸν εὐνοῦχον κατεφίλησε καὶ “δικαίως ἄρα σε ἐγὼ” ἔφη “πάντων προτιμῶ·	POS
πρὸς ταῦτα ποῖον γῆθος, ἡδονὴ πόση.	POS
Εἶτα καὶ κατὰ νοῦν βαλὼν τὰ ῥήματα τῆς κόρης καὶ ὅλως τῷ θυμῷ αὐτὸς εἰς ἄκρον ὑπερζέσας, καβαλλικεύω παρευθύς, δῆθεν εἰς τὸ κυνῆγιν, καὶ ταύτην δὲ καταλαβὼν ἀνηλεῶς ἀνεῖλον, μοιχείαν, φόνον τότε γὰρ ἐκτελέσας ἀθλίως..	NEG
πάλι ἐγύρισεν ὁ Μωυσὴς καὶ ἔδωκεν μὲ τὴν ῥάβδον, ἐγύρισεν ἡ θάλασσα, ἐσμίγην ὡσὰν ἦτον, καὶ ἔπνιξεν τὸν Φαραὼ καὶ ὅλον τὸ φουσάτον, καὶ πλέον τὸν ἥλιον οὐκ εἶδεν τον, αὐθέντρια, ὡς ὁρίζεις.	NEG
“Ἠξεύρεις, Χρυσοδέσποινα, μετά σου ἀνετράφην καὶ τὴν ἀγάπην μου {τὴν} εἰς σὲ οὐδὲν τὴν ἐγνωρίζεις;	NEG
ἐν γῇ καθεύδεις καὶ λιμῷ τετηγμένη ὅμως Δοσικλῆν ὑπάγεις ὑπὸ στόμα·	NEG
Καὶ ἐμέν, πληροφορήθησε, ἂν τὸ παρακρατήσῃς, πετᾷς με εἰς ἅδην σύμψυχον καὶ σὺ ὄνομα ἐκβάλλεις λήστραινα·	NEU
Πλησίον δὲ τῆς Μαξιμοῦς ἐλθὼν τοιάδε ἔφην:	NEU
ἵσχὺν τὴν ἔχει, νὰ μάϑετε τὰ τόξα του καὶ νὰ τὸν προσχυνῆτε καὶ νὰ μὴ ἀλαζονεύεσϑε πρὸς τὴν φρικτήν του τόλμην, αὐϑέντην νὰ τὸν ἔχετε καὶ νὰ τὸν προσκυνῆτε, ὅτι φρικτὸς καὶ ϑαυμαστὸς καὶ μέγας ῥήγας ἕναι.	NEG
Τὴν δὲ ἀγέλην τέως φρουρήσει Χλόη·	NEU
διὰ τοῦτο θᾶττον εὐχόμεθα γενέσθαι τὴν ἡμέραν.	NEU
“Κοιμωμένην μέλισσαν ἐν ῥόδοις πάλαι τῆς ποντογενοῦς Ἀφροδίτης παῖς Ἔρως οὐκ εἶδεν·	NEU
ἐστεφανωμένη τὴν κεφαλὴν οὐκ ἐκ λίθων κατὰ τὴν πρώτην, οὐκ ἐκ μαργάρων κατὰ τὴν ἐξ ἀρχῆς, ἀλλ’ ὅλοις φύλλοις, ἀλλ’ ὅλοις ἄνθεσι.	NEU
Τὸ πλῆθος οὖν ἐσίγησεν, ὁ βασιλεὺς δὲ λέγει·	NEU
ὡς δὲ ἐξέθορεν ἡ Λευκίππη, πᾶς μὲν ὁ δῆμος ἐξεβόησεν ὑφ' ἡδονῆς καὶ τὸν Θέρσανδρον ἐλοιδόρουν, ἐγὼ δὲ ὅστις ἐγεγόνειν οὐκ ἂν εἴποιμι λόγῳ.	POS
Καὶ εὐθὺς περὶ ἔρωτος ὑμᾶς ἀναμιμνῄσκω·	POS
“Ὦ βασιλεῦ” ἔλεγεν, “οὗτός ἐστιν ὁ τὴν ἐμὴν θυγατέρα συλαγωγήσας·	NEU
Πεδίον χλοηφόρον μετὰ τὸν κῆπον ὁ τεχνίτης ἐξήπλωσεν, ἄνδρα δ’ ἐν μέσῳ κατεζωγράφησε τὰ πάντα κατ’ ἀγρότην ἐσκευασμένον, ἐστεφανωμένον τὴν κεφαλὴν οὐκ ἐκ ῥόδων, οὐκ ἐξ ἀνθέων, ἀλλ’ ἐκ λίνου λεπτοῦ, ὃν χεὶρ ὑφαίνει καὶ τέχνη πλέκει καὶ κόσμον ὁ ἀγρότης ἔχει.	NEU
Ταῦτα ἔλεγε καὶ κατεφίλει συνεχῶς, ὁ δὲ Ἁβροκόμης “ἀλλ' ὀμνύω σοι” φησὶ “τὴν μόγις ἡμῖν ἡμέραν ποθεινὴν εὑρημένην ὡς οὔτε παρθένος ἐμοί τις ἔδοξεν εἶναι καλή, οὔτ' ἄλλη τις ὀφθεῖσα ἤρεσε γυνή, ἀλλὰ τοιοῦτον εἴληφας Ἁβροκόμην καθαρὸν, οἷον ἐν Τύρῳ κατέλιπες ἐν δεσμωτηρίῳ”	POS
Ἔβλεπον ἐγὼ τὴν τροπικήν, ἐθαύμαζα τὰ πάντα, ἐξενιζόμην τὸ εὔτεχνον τὸ μάρμαρον ἐκεῖνον, τοῦ στέγους εἶχα φοβερὸν τὴν ἱστορογραφίαν, καὶ τῶν τεσσάρων τὰς φωνὰς ἐκείνων τῶν ἐρώτων ὁ νοῦς μου ἐπεριεκρέματο, ἔφριξεν, ἔτρεμέν τας·	NEG
Ὧν γὰρ πολυπλόκους τὰς ἀρχὰς ὁ δαίμων καταβέβληται, τούτων ἀνάγκη καὶ τὰ τέλη διὰ μακροτέρων συμπεραίνεσθαι·	NEU
Ἐπεὶ δὲ ἀπάτην ἐκεῖνα θεῶν τις εὖ γε ποιῶν ἔδειξεν, ὥρα σοι σαυτὸν ὑπομνῆσαι τῆς ἄγαν ἀνδρείας, ὑφ' ἧς ἐθρήνεις μὲν ἐμοῦ τἀμὰ πρότερος τὴν δὲ ἀπροσδόκητον τῆς κειμένης ἐπίγνωσιν ὥσπερ ἐπὶ σκηνῆς δαίμονας ἀπεδίδρασκες, ἔνοπλος καὶ ξιφήρης τὴν γυναῖκα, νεκρὰν καὶ ταύτην, ὑποφεύγων ὁ γενναῖος καὶ Ἀττικὸς πεζομάχος”.	NEU
Ἔρως φυτῶν γὰρ καὶ σιδήρου καὶ λίθου κρατεῖν ἔοικεν, οὐ γὰρ ἀνθρώπων μόνον	NEU
Ὁ δὲ Ἀχιλλεὺς ὁ ϑαυμαστός, τὸ φρόνος τῶν Ἑλλήνων, γλυκειὰ τὴν ἐπερίλαβεν, συχνοκαταφιλεῖ την καὶ παρευϑὺς τὰ δάκρυα της κατέβαινον τῆς κόρης καὶ μετὰ ϑρήνου καὶ ὀδυρμοῦ τὸν νεώτερον ἐλάλειεν·	NEG
κελεύει δὴ δεῖπνον ὡς ὅτι ἐκπρεπέστατον ἑτοιμάζειν.	NEU
παρεσκευαζόμεθα δὲ ἡμεῖς μάλα εὐτρεπῶς ἔχοντες.	NEU
Ἐγὼ δ’ οὐδὲν εἰπὼν εὐθὺς ἀνεπήδησα, καὶ μόνης Ὑσμίνης ἐτίμων τὸν ἔρωτα, καὶ ὅλην ἐνωπτριζόμην αὐτήν.	POS
Ἦρος ἦν ἀρχὴ καὶ πάντα ἤκμαζεν ἄνθη, τὰ ἐν δρυμοῖς, τὰ ἐν λειμῶσι καὶ ὅσα ὄρεια·	NEU
ἡ θάλασσα πῦρ καὶ τὸ κῦμα βωμὸς καὶ ἱερεὺς ὁ καλὸς κυβερνήτης, ὁ τὸν νηΐτην νόμον τιμῶν, θῦμα δ’ (ἀλλὰ μή μοι, καρδία, ῥαγῇς) Ὑσμίνη παρθένος, ἣν ὅλην συμπλακεὶς καὶ περιπλακεὶς ὁ πολύτλας ἐγὼ πρὸς τὸν τοῦ σκάφους κατέδυν πυθμένα.	NEG
“Ὡς οὐ καταψεύσομαί σου τὸν ἔρωτα καὶ τὰς πολλὰς ἐκείνας συνθήκας ἀπαρεγχειρήτους παραφυλάξομαι, θεοὶ ἐπιμάρτυροι ἔστων·	POS
ἅψω πῦρ ἐπὶ τοὺς πολεμίους·	NEG
ἔσωσαν οἱ ἡμέρες της, οἱ χρόνοι τῆς ζωῆς της, ἐπέθανεν καὶ ἐδιάβηκεν ἡ Ἀφροδίτη ἐκείνη.	NEG
Μέσον τὴν ἐξουσίαν μου μερίζω μετ’ ἐσέναν καὶ σύγαβρόν μου, Κλιτοβών, μάθε ὅτι πολεμῶ σε·	NEG
Ἐκεῖνος ἐκ τὸν φόβον του εἰς τὸν τόπον του ἐστράφην.	NEG
καὶ εὐθὺς εἰστρέχουσιν ἄνθρωποι μεγάλοι καὶ πολλοί, μαχαίρας ἐσπασμένοι, καὶ ἐπὶ τὴν κόρην πάντες ὥρμησαν.	NEG
ζητήσω γάρ σε διὰ γῆς καὶ θαλάσσης, κἂν εἰς αὐτὸν ἀναβῆναι τὸν ἀέρα δύνωμαι.	NEU
Ὡσὰν ἀπὸ τοῦ καύματος καὶ τῆς ὁδοῦ τὸ μῆκος καὶ μᾶλλον ἐκ τὴν μόνωσιν ἐκεῖνος φλογισμένος, πολλὴ γὰρ ἦν ἡ μόνωσις τοῦ παραξένου τόπου, ψυχρὸν εἰς κόρον ἔπιεν, ἀνέσανεν ὀλίγον, κἂν ὅσην καὶ τὴν πνιγμονὴν εἶχεν ἐκεῖνος τότε.	NEG
ὦ παμμάταιος καὶ παράφρων καρδία, ἂν εἰ προδοῦναι τὴν ἑαυτοῦ παρθένον ὁ σατράπης ἤλπιζε τὸν Δοσικλέα.	NEG
Ἐκεῖνοι ἐδοξάσασιν Θεὸν τὸν παντεπόπτην καὶ Ἀπολλώνιον ὁμοῦ εἰς τὸ καλὸν τὸ ποῖκε.	POS
δέομαί σου, μηδὲν ὀργισθῇς·	NEU
ἀνεντρανίζει, θεωρεῖ ἐκεῖνο τὸ ζαφείρι, μαῦρον, θολόν, ἀγνώριστον, ξένον ἀπὸ τὴν φύσιν, νὰ χάσῃ τὴν λαμπρότητα τὴν φυσικὴν τὴν εἶχε καὶ ἀπὸ τὴν θλῖψιν νὰ εὑρεθῇ τῆς κόρης θολωμένον καὶ παρευθὺς ἐπαράλλαξεν, θολώνει τὸ λιθάρι ἀγνώριστον, ἀνίδεον τὸ ἀληθὲς δεικνύει.	NEG
ὀλίγον οὖν πρὸ τοῦ πτώματος ἡ γυνὴ συνέλαβεν.	NEU
Τὸ δὲ πλῆθος τῶν Αἰθιόπων ἐσείσθη πρὸς τὰ εἰρημένα καὶ οὐδὲ πρὸς βραχὺ τῆς Χαρικλείας ἀγομένης ἀνασχόμενοι μέγα τι καὶ ἀθρόον ἐξέκραγον	NEG
Καὶ πάλιν ὁ Ἰμπέριος ἐβγάζει δακτυλίδιν εὔμορφον, πανεξαίρετον μὲ ἀτίμητον λιθάριν·	POS
παίζεις, Φθόνε·	NEG
Ποῖ γὰρ τράπωμαι; τί δέ με καὶ χρὴ πράττειν; καταλίπω Χαρίκλειαν οὔπω Θεαγένην ἀνευρηκυῖαν; ἀλλὰ δεινόν, ὦ γῆ, καὶ ἀθέμιτον·	NEG
Καὶ ἐκεῖνος ἀποκρίνεται καὶ λέγει πρὸς ἐκεῖνον:	NEU
Ἡ μὲν οὖν Ῥοδόπη τὴν Ὑσμίνην εἶχε μέσον ὅρον πρὸς ἔρωτα καὶ μέσῃ ταύτῃ συνάγειν ἐδόκει τὸν ἔρωτα, ἐγὼ δ’ ὅλον ὅρον πρὸς ἔρωτα εἶχον αὐτήν, καὶ περὶ μέσην μου τὴν ψυχὴν τὸν τῆς Ὑσμίνης ὅλον συνήγαγον ἔρωτα.	POS
καὶ ἄριστον πολυτελῆ εὐθὺς παρατοιμάζει τάχα διὰ τὸν Φλώριον ἀλλήλως νὰ τρυφήσουν, ἀλλήλως νὰ τρυφήσουσιν καὶ ἐρωτοαγαλλιᾶσθαι.	POS
“Καὶ μὴν οὐράνιον”, ἔφην, “ἔοικεν εἶναι τὸ τῶν γυναικῶν κάλλος, ὅσον μὴ ταχὺ φθείρεται·	POS
ἐγγίζει δὲ τοῖς χείλεσιν ὥσπερ σφραγῖδας τὰ φιλήματα, φιλεῖ δὲ τέχνῃ καὶ σκευάζει τὸ φίλημα γλυκύτερον.	POS
ἔσωσε δὲ αὐτόν, ὡς εἰκός, ὑπὲρ ὑμῶν ἡ Τύχη.	POS
Μελίτη φιλεῖ, Λευκίππη φιλεῖ.	POS
Ἔτη μὲν τεσσαρεσκαίδεκα ἐγεγόνει, ἤνθει δὲ αὐτῆς τὸ σῶμα ἐπ' εὐμορφίᾳ, καὶ ὁ τοῦ σχήματος κόσμος πολὺς εἰς ὥραν συνεβάλλετο·	POS
μακάριος ἐκεῖνος ὡς ἀληθῶς, τηλικαῦτα παρ' ἐρωμένης λαβὼν δῶρα”.	POS
Πολλὰ ἄλλα καὶ πάντα ἐρωτικὰ ἰδόντα με καὶ θαυμάσαντα πόθος ἔσχεν ἀντιγράψαι τῇ γραφῇ·	POS
Πολλάκις ἐφίλησα ἐρίφους, πολλάκις ἐφίλησα σκύλακας ἀρτιγεννήτους καὶ τὸν μόσχον, ὃν ὁ Δόρκων ἐδωρήσατο·	POS
Ἀλλ’ ὅπερ φέρει τὸ γλυκὺν φέρει καὶ τὴν πικρίαν, ὡς ἔγνωκας, ὡς ἔμαθες ἀπὸ τοῦ προοιμίου.	NEU
